<?xml version="1.0" ?>
<beans xmlns="http://www.springframework.org/schema/beans"
	xmlns:security="http://www.springframework.org/schema/security"
	xmlns:xsi="http://www.w3.org/2001/XMLSchema-instance"
	xsi:schemaLocation="http://www.springframework.org/schema/beans
		http://www.springframework.org/schema/beans/spring-beans-3.0.xsd
		http://www.springframework.org/schema/security
		http://www.springframework.org/schema/security/spring-security.xsd">

	<security:authentication-manager>
		<security:authentication-provider>
		<security:jdbc-user-service
				data-source-ref="ds"
				users-by-username-query="select username,password,enabled from users where username = ?"
				authorities-by-username-query="select username,role from roles where username = ?" />
	<!-- 		<security:user-service>
				<security:user name="user1" password="pass1"
					authorities="ROLE_admin" />
				<security:user name="user2" password="pass2"
					authorities="ROLE_user" />
				<security:user name="user3" password="pass3"
					authorities="ROLE_admin,ROLE_user" />
			</security:user-service>
			 -->
		</security:authentication-provider>
	</security:authentication-manager>
	<bean id="blogic" class="demo.BusinessLogic" >
		<security:intercept-methods >
			<security:protect  method="m1"  access="ROLE_admin"/>
			<security:protect  method="m2"  access="ROLE_user"/>
		</security:intercept-methods>
	</bean>
	<bean id="ds"
		class="org.springframework.jdbc.datasource.DriverManagerDataSource">
		<property name="driverClassName" value="org.hsqldb.jdbcDriver"></property>
		<property name="url" value="jdbc:hsqldb:hsql://localhost/"></property>
		<property name="username" value="SA"></property>
		<property name="password" value=""></property>
	</bean>
	<!-- 
select username,password,enabled from users where username = ?"

select username, role from roles where username = ?"


create table users (username varchar(20), password varchar(20), enabled boolean);
create table roles (username varchar(20), role varchar(20), primary key(username, role));


insert into users values('user4','pass4',true);
insert into users values('user5','pass5',true);
insert into users values('user6','pass6',true);


insert into roles values('user5','ROLE_user');
insert into roles values('user4','ROLE_admin');
insert into roles values('user6','ROLE_user');
insert into roles values('user6','ROLE_admin');

 -->
</beans>		